{
    "a bad photo of a {}.": 52.38177180290222,
    "a photo of many {}.": 52.485328912734985,
    "a sculpture of a {}.": 48.13600182533264,
    "a photo of the hard to see {}.": 52.916812896728516,
    "a low resolution photo of the {}.": 53.969621658325195,
    "a rendering of a {}.": 52.50259041786194,
    "graffiti of a {}.": 48.8263726234436,
    "a bad photo of the {}.": 52.105629444122314,
    "a cropped photo of the {}.": 54.03866171836853,
    "a tattoo of a {}.": 47.46289253234863,
    "the embroidered {}.": 51.639628410339355,
    "a photo of a hard to see {}.": 52.77873873710632,
    "a bright photo of a {}.": 52.58888602256775,
    "a photo of a clean {}.": 52.364516258239746,
    "a dark photo of the {}.": 51.60511136054993,
    "a drawing of a {}.": 52.41629481315613,
    "a photo of my {}.": 53.46910357475281,
    "the plastic {}.": 50.72488784790039,
    "a close-up photo of a {}.": 53.19295525550842
}