{
    "a bad photo of a {}.": 51.294440031051636,
    "a photo of the hard to see {}.": 51.81221961975098,
    "a low resolution photo of the {}.": 53.382807970047,
    "a photo of many {}.": 51.31170153617859,
    "a sculpture of a {}.": 47.10044860839844,
    "graffiti of a {}.": 47.61822521686554,
    "a bad photo of the {}.": 50.98377466201782,
    "a rendering of a {}.": 51.553332805633545,
    "a cropped photo of the {}.": 52.81325578689575,
    "a tattoo of a {}.": 46.16844952106476,
    "a photo of a hard to see {}.": 51.96755528450012,
    "the embroidered {}.": 50.569552183151245,
    "a bright photo of a {}.": 52.2091805934906,
    "a photo of a clean {}.": 51.70866250991821,
    "a photo of a dirty {}.": 50.05177855491638,
    "a dark photo of the {}.": 51.32896304130554,
    "a drawing of a {}.": 51.79495811462402,
    "a photo of my {}.": 51.51880979537964,
    "the plastic {}.": 49.84466731548309,
    "a photo of the cool {}.": 52.55436897277832,
    "a close-up photo of a {}.": 52.32999920845032
}